num_simulations,avg_total_computation_time,std_total_computation_time,min_total_computation_time,max_total_computation_time,avg_total_cpu_time,std_total_cpu_time,min_total_cpu_time,max_total_cpu_time,avg_total_memory_usage,std_total_memory_usage,last_sequence
10,1204.2692136764526,0.0,1204.2692136764526,1204.2692136764526,1197.097475,0.0,1197.097475,1197.097475,1090100.0,0.0,GCGGAUUUAGCUCAGUUGGGAGAGCGCCAGACUGAAGAUCUGGAGGUCCUGUGUUCGAUCCACAGAAUUCGCACCA
25,2270.0115354061127,0.0,2270.0115354061127,2270.0115354061127,2249.949706,0.0,2249.949706,2249.949706,34412.0,0.0,GCGGAUUUAGCUCAGUUGGGAGAGCGCCAGACUGAAGAUCUGGAGGUCCUGUGUUCGAUCCACAGAAUUCGCACCA
50,10277.968287467957,0.0,10277.968287467957,10277.968287467957,10213.603779000001,0.0,10213.603779000001,10213.603779000001,11392.0,0.0,GCGGAUUUAGCUCAGUUGGGAGAGCGCCAGACUGAAGAUCUGGAGGUCCUGUGUUCGAUCCACAGAAUUCGCACCA
75,13414.376508951187,0.0,13414.376508951187,13414.376508951187,13335.080986,0.0,13335.080986,13335.080986,0.0,0.0,GCGGAUUUAGCUCAGUUGGGAGAGCGCCAGACUGAAGAUCUGGAGGUCCUGUGUUCGAUCCACAGAAUUCGCACCA
1000,161827.28616714478,0.0,161827.28616714478,161827.28616714478,161187.195425,0.0,161187.195425,161187.195425,10104.0,0.0,GCGGAUUUAGCUCAGUUGGGAGAGCGCCAGACUGAAGAUCUGGAGGUCCUGUGUUCGAUCCACAGAAUUCGCACCA